Antibody Name,Antibody Origin,Gene Name,Validation Status,Slide Id,Antibody Name in Heatmap,Probabilities (QC Score),Slide no.,Sample Type,,control,drug-10min,drug-30min,drug-60min
14-3-3-beta,R,YWHAB,V,GBL1103606,14-3-3-beta-R-V,0.963360424,1,14-3-3-beta-R-V,RawLog2,0.847259914,0.16674142,-0.710107392,-0.974418959
14-3-3-epsilon,M,YWHAE,C,GBL1103692,14-3-3-epsilon-M-C,0.910311621,2,14-3-3-epsilon-M-C,RawLog2,0.105841044,-0.535572735,-1.237199517,-1.34200465
14-3-3-zeta,R,YWHAZ,V,GBL1103607,14-3-3-zeta-R-V,0.965967106,3,14-3-3-zeta-R-V,RawLog2,0.765762241,0.115615134,-1.644877409,-2.708352151
4E-BP1,R,EIF4EBP1,V,GBL1103378,4E-BP1-R-V,0.947983501,4,4E-BP1-R-V,RawLog2,0.766049271,0.071145995,-0.935929155,-1.501620647
4E-BP1_pS65,R,EIF4EBP1,V,GBL1103379,4E-BP1_pS65-R-V,0.964314045,5,4E-BP1_pS65-R-V,RawLog2,1.228545014,0.286813531,-0.77343131,-0.949560193
53BP1,R,TP53BP1,V,GBL1103467,53BP1-R-V,0.970988133,6,53BP1-R-V,RawLog2,1.521765285,0.299420971,-1.094567667,-1.19950103
A-Raf,R,ARAF,V,GBL1103519,A-Raf-R-V,0.971538913,7,A-Raf-R-V,RawLog2,1.517939731,0.763303904,-0.14827423,-0.079046728
ACC1,R,ACACA,C,GBL1103381,ACC1-R-C,0.944898591,8,ACC1-R-C,RawLog2,1.556664886,0.798550148,-0.105028187,-0.520890863
ACC_pS79,R,ACACA,V,GBL1103380,ACC_pS79-R-V,0.948374694,9,ACC_pS79-R-V,RawLog2,2.197596073,1.178785659,-1.040198625,-1.706449644
ADAR1,M,ADAR,V,GBL1103635,ADAR1-M-V,0.955221146,10,ADAR1-M-V,RawLog2,2.027218536,1.247596475,0.695919837,0.649315022
Akt,R,AKT1,V,GBL1103375,Akt-R-V,0.96024349,11,Akt-R-V,RawLog2,3.776274895,2.818663858,1.336193487,1.149943126
Akt_pS473,R,AKT1,V,GBL1103372,Akt_pS473-R-V,0.950301052,12,Akt_pS473-R-V,RawLog2,-1.602068669,-1.939365556,-2.504418157,-2.649557916
Akt_pT308,R,AKT1,V,GBL1103506,Akt_pT308-R-V,0.974471439,13,Akt_pT308-R-V,RawLog2,0.211929439,-0.502872618,-1.247591792,-1.469490823
AMPK-a2_pS345,R,PRKAA2,V,GBL1103698,AMPK-a2_pS345-R-V,0.898636147,14,AMPK-a2_pS345-R-V,RawLog2,1.794018496,0.95827988,0.817098392,0.725677027
AMPKa,R,PRKAA1,C,GBL1103382,AMPKa-R-C,0.972154491,15,AMPKa-R-C,RawLog2,1.686806071,0.826976823,-0.206565917,-0.276407471
AMPKa_pT172,R,PRKAA1,C,GBL1103383,AMPKa_pT172-R-C,0.969859028,16,AMPKa_pT172-R-C,RawLog2,0.90300902,0.32106749,-1.914079198,-2.038821891
Annexin-I,M,ANXA1,V,GBL1103638,Annexin-I-M-V,0.953182492,17,Annexin-I-M-V,RawLog2,0.819767648,-0.053390415,-1.260297001,-1.517551144
Annexin-VII,M,ANXA7,V,GBL1103634,Annexin-VII-M-V,0.87275648,18,Annexin-VII-M-V,RawLog2,-1.301402645,-2.090672546,-2.417889412,-2.321978989
AR,R,AR,V,GBL1103448,AR-R-V,0.969269085,19,AR-R-V,RawLog2,0.470406531,-0.645487998,-1.315011553,-1.567373186
ARID1A,R,ARID1A,C,GBL1103554,ARID1A-R-C,0.966148846,20,ARID1A-R-C,RawLog2,4.147035716,2.155149083,0.662404162,0.33951331
Atg3,R,ATG3,V,GBL1103562,Atg3-R-V,0.913380826,21,Atg3-R-V,RawLog2,0.166095546,-0.650144323,-1.657471127,-2.047451403
Atg7,R,ATG7,V,GBL1103563,Atg7-R-V,0.974982713,22,Atg7-R-V,RawLog2,0.640297435,-0.295640212,-1.745853685,-2.497704669
ATM,R,ATM,V,GBL1103543,ATM-R-V,0.957239327,23,ATM-R-V,RawLog2,1.462585794,0.512976393,-0.065342439,-0.331659821
ATM_pS1981,R,ATM,V,GBL1103699,ATM_pS1981-R-V,0.910665163,24,ATM_pS1981-R-V,RawLog2,0.604527536,-0.02391043,-0.407987657,-0.381965746
ATRX,R,ATRX,C,GBL1103559,ATRX-R-C,0.958240941,25,ATRX-R-C,RawLog2,2.814012358,1.023156704,0.543130586,0.248533495
ATR_pS428,R,ATR,C,GBL1103586,ATR_pS428-R-C,0.969557143,26,ATR_pS428-R-C,RawLog2,0.598726362,-0.401265963,-1.307503815,-1.584281087
Aurora-B,R,AIM1,V,GBL1103551,Aurora-B-R-V,0.965365856,27,Aurora-B-R-V,RawLog2,-0.081587402,-0.763968498,-1.062679297,-1.074326814
Axl,R,AXL,V,GBL1103531,Axl-R-V,0.954252593,28,Axl-R-V,RawLog2,2.84399654,2.411051045,2.650323449,2.501398118
b-Actin,R,ACTB,C,GBL1103512,b-Actin-R-C,0.935390751,29,b-Actin-R-C,RawLog2,0.447930975,-0.065331679,-0.974188116,-1.606016485
b-Catenin,R,CTNNB1,V,GBL1103387,b-Catenin-R-V,0.939748397,30,b-Catenin-R-V,RawLog2,1.191093925,0.350342513,-1.41866644,-1.561685635
b-Catenin_pT41_S45,R,CTNNB1,V,GBL1103513,b-Catenin_pT41_S45-R-V,0.958739975,31,b-Catenin_pT41_S45-R-V,RawLog2,0.740367754,-0.05324461,-0.601347417,-0.529674277
B-Raf,R,BRAF,C,GBL1103599,B-Raf-R-C,0.962847609,32,B-Raf-R-C,RawLog2,1.597680671,0.891144345,-0.546453473,-0.864750918
B-Raf_pS445,R,BRAF,V,GBL1103391,B-Raf_pS445-R-V,0.974517509,33,B-Raf_pS445-R-V,RawLog2,1.202550459,0.390929371,-1.055424307,-1.441899765
B7-H4,R,VTCN1,C,GBL1103581,B7-H4-R-C,0.916966525,34,B7-H4-R-C,RawLog2,-0.358947911,-1.127162271,-1.75298497,-1.800593323
Bad_pS112,R,BAD,V,GBL1103384,Bad_pS112-R-V,0.967764085,35,Bad_pS112-R-V,RawLog2,0.416454854,-0.288289812,-1.201927613,-1.383694725
Bak,R,BAK1,C,GBL1103385,Bak-R-C,0.964836434,36,Bak-R-C,RawLog2,0.969925099,0.225342435,-0.390902779,-0.492845848
BAP1,M,BAP1,V,GBL1103694,BAP1-M-V,0.925076944,37,BAP1-M-V,RawLog2,0.464892936,-0.37501872,-1.077100805,-1.072150428
Bax,R,BAX,V,GBL1103386,Bax-R-V,0.959410761,38,Bax-R-V,RawLog2,0.545758088,-0.116450072,-0.918908432,-0.763699235
Bcl-xL,R,BCL2L1,V,GBL1103388,Bcl-xL-R-V,0.968489034,39,Bcl-xL-R-V,RawLog2,1.532115614,0.7377684,0.213130569,0.258497415
Bcl2A1,R,BCL2A1,V,GBL1103533,Bcl2A1-R-V,0.953955198,40,Bcl2A1-R-V,RawLog2,1.571408118,0.967867676,0.147599302,1.011791847
Beclin,G,BECN1,C,GBL1103702,Beclin-G-C,0.896430978,41,Beclin-G-C,RawLog2,0.946383294,0.197940756,-0.444455173,-0.395582012
Bid,R,BID,C,GBL1103389,Bid-R-C,0.955581887,42,Bid-R-C,RawLog2,0.54857532,-0.298996591,-1.216345204,-1.458949037
Bim,R,BCL2L11,V,GBL1103390,Bim-R-V,0.953741683,43,Bim-R-V,RawLog2,-1.206914605,-2.083373458,-2.424099773,-2.437783791
BiP-GRP78,M,HSPA5,C,GBL1103641,BiP-GRP78-M-C,0.870202994,44,BiP-GRP78-M-C,RawLog2,-1.413351561,-1.940489603,-2.511446918,-2.377086747
BRD4,R,BRD4,V,GBL1103557,BRD4-R-V,0.964358851,45,BRD4-R-V,RawLog2,3.276110845,1.538932528,0.810665202,0.844438984
c-Abl,R,ABL1,V,GBL1103556,c-Abl-R-V,0.96669711,46,c-Abl-R-V,RawLog2,1.284382589,0.379358582,-0.241245789,-0.31484965
c-IAP2,R,BIRC3,C,GBL1103564,c-IAP2-R-C,0.944168629,47,c-IAP2-R-C,RawLog2,-0.105465471,-0.919419884,-1.61802907,-1.787086717
c-Jun_pS73,R,JUN,V,GBL1103396,c-Jun_pS73-R-V,0.96036637,48,c-Jun_pS73-R-V,RawLog2,-0.649814386,-0.951829091,-1.185574143,-0.71961907
c-Kit,R,KIT,V,GBL1103397,c-Kit-R-V,0.971056152,49,c-Kit-R-V,RawLog2,1.07108708,0.065983153,-0.429049384,-0.669911114
c-Met,M,MET,Q,GBL1103626,c-Met-M-Q,0.933464251,50,c-Met-M-Q,RawLog2,0.080399856,-0.684477402,-1.349943684,-1.359402099
c-Met_pY1234_Y1235,R,MET,V,GBL1103444,c-Met_pY1234_Y1235-R-V,0.932085008,51,c-Met_pY1234_Y1235-R-V,RawLog2,-0.26792288,-1.183189131,-1.643318969,-1.688958333
c-Myc,R,MYC,C,GBL1103609,c-Myc-R-C,0.923092682,52,c-Myc-R-C,RawLog2,-0.264836753,-0.727487827,-1.049214266,-0.865556141
C-Raf,R,RAF1,C,GBL1103517,C-Raf-R-C,0.975415495,53,C-Raf-R-C,RawLog2,1.709668071,0.929339761,0.541134839,0.322826896
C-Raf_pS338,R,RAF1,V,GBL1103398,C-Raf_pS338-R-V,0.963170182,54,C-Raf_pS338-R-V,RawLog2,1.080604085,-0.161436985,-0.725807227,-0.5681515
Caspase-3,R,CASP3,C,GBL1103392,Caspase-3-R-C,0.950988428,55,Caspase-3-R-C,RawLog2,0.168226841,-0.633265563,-0.990663561,-1.002179902
Caspase-7-cleaved,R,CASP7,C,GBL1103393,Caspase-7-cleaved-R-C,0.956991219,56,Caspase-7-cleaved-R-C,RawLog2,-0.747964798,-1.154194576,-1.937749159,-1.643187412
Caspase-8,M,CASP8,Q,GBL1103630,Caspase-8-M-Q,0.891236403,57,Caspase-8-M-Q,RawLog2,1.193536954,0.295947393,-0.354033764,-0.376007627
Caveolin-1,R,CAV1,V,GBL1103394,Caveolin-1-R-V,0.938693159,58,Caveolin-1-R-V,RawLog2,3.063754553,2.617212383,2.369907599,2.256816037
CD171,M,L1CAM,V,GBL1103672,CD171-M-V,0.90212613,59,CD171-M-V,RawLog2,-4.000598912,-4.293821245,-4.440057801,-4.114011912
CD26,R,DPP4,V,GBL1103534,CD26-R-V,0.961702478,60,CD26-R-V,RawLog2,0.444080767,-0.420174294,-1.078302962,-1.176144331
CD29,M,CD29,V,GBL1103637,CD29-M-V,0.886622135,61,CD29-M-V,RawLog2,-3.111324815,-3.919359974,-4.275747535,-4.193418646
CD31,M,PECAM1,V,GBL1103717,CD31-M-V,0.890474201,62,CD31-M-V,RawLog2,-1.30490224,-1.898198363,-2.183345086,-2.106593393
CD44,M,CD44,C,GBL1103643,CD44-M-C,0.870122455,63,CD44-M-C,RawLog2,-1.827352265,-2.455716798,-3.13390007,-3.210680244
CD49b,M,ITGA2,V,GBL1103629,CD49b-M-V,0.923955662,64,CD49b-M-V,RawLog2,0.708435465,-0.169264608,-0.78523883,-0.818061247
cdc25C,R,CDC25C,V,GBL1103595,cdc25C-R-V,0.965646629,65,cdc25C-R-V,RawLog2,1.565716455,0.601411751,-1.351253746,-1.922666413
Cdc2_pY15,R,CDK1,C,GBL1103585,Cdc2_pY15-R-C,0.950071535,66,Cdc2_pY15-R-C,RawLog2,-0.138616144,-0.920396833,-1.529899552,-1.715254237
CDK1,R,CDK1,C,GBL1103574,CDK1-R-C,0.960969379,67,CDK1-R-C,RawLog2,3.731143031,2.582834762,1.221113861,1.436013598
Chk1,M,CHEK1,C,GBL1103636,Chk1-M-C,0.812529805,68,Chk1-M-C,RawLog2,0.354417604,-0.547844547,-1.563913293,-1.790085626
Chk1_pS296,R,CHEK1,V,GBL1103697,Chk1_pS296-R-V,0.936526135,69,Chk1_pS296-R-V,RawLog2,1.560527795,0.393067552,-0.014854414,0.299005312
Chk2,M,CHEK2,V,GBL1103616,Chk2-M-V,0.853784544,70,Chk2-M-V,RawLog2,-1.101835723,-1.952155799,-2.879802032,-3.387410814
Chk2_pT68,R,CHEK2,C,GBL1103395,Chk2_pT68-R-C,0.94566346,71,Chk2_pT68-R-C,RawLog2,-1.264371745,-2.091315185,-2.462274096,-2.467870037
Claudin-7,R,CLDN7,V,GBL1103456,Claudin-7-R-V,0.950340783,72,Claudin-7-R-V,RawLog2,-0.49623462,-1.688690861,-1.722568975,-1.624048342
COG3,R,COG3,V,GBL1103573,COG3-R-V,0.973917487,73,COG3-R-V,RawLog2,1.207661312,0.483650037,-0.638259249,-0.663689662
Collagen-VI,R,COL6A1,V,GBL1103601,Collagen-VI-R-V,0.939183223,74,Collagen-VI-R-V,RawLog2,0.402983068,-0.058856484,-0.152266735,-0.262190578
Connexin-43,R,GJA1,C,GBL1103558,Connexin-43-R-C,0.945326085,75,Connexin-43-R-C,RawLog2,1.118499919,0.176192959,-0.200224083,-0.726977585
Cox-IV,R,PTGS3,V,GBL1103490,Cox-IV-R-V,0.962427793,76,Cox-IV-R-V,RawLog2,2.606960135,1.911255717,1.419029064,1.483392018
Cox2,R,CMC2,C,GBL1103520,Cox2-R-C,0.936694503,77,Cox2-R-C,RawLog2,-0.19079436,-0.848619019,-1.075335783,-1.11703352
Creb,R,CREB1,C,GBL1103399,Creb-R-C,0.923870465,78,Creb-R-C,RawLog2,-0.251164083,-0.899759312,-1.678666799,-1.812383772
Cyclin-B1,R,CCNB1,V,GBL1103371,Cyclin-B1-R-V,0.954359351,79,Cyclin-B1-R-V,RawLog2,3.502990105,2.06419392,1.217894775,1.052689712
Cyclin-D1,R,CCND1,V,GBL1103602,Cyclin-D1-R-V,0.969094217,80,Cyclin-D1-R-V,RawLog2,-0.019525322,-0.799570976,-1.308866766,-1.316002291
Cyclin-D3,M,CCND3,V,GBL1103617,Cyclin-D3-M-V,0.941003827,81,Cyclin-D3-M-V,RawLog2,0.335652882,-0.595559245,-1.6349536,-1.82537931
Cyclin-E1,M,CCNE1,V,GBL1103713,Cyclin-E1-M-V,0.933893875,82,Cyclin-E1-M-V,RawLog2,1.365221885,0.594404107,-0.072122334,-0.022441295
Cyclophilin-F,M,PPIF,V,GBL1103662,Cyclophilin-F-M-V,0.935838536,83,Cyclophilin-F-M-V,RawLog2,0.415982262,-0.19025134,-1.364395364,-2.238039884
D-a-Tubulin,R,TUBA1A,V,GBL1103547,D-a-Tubulin-R-V,0.950353188,84,D-a-Tubulin-R-V,RawLog2,-0.100857071,-0.812524909,-1.340969901,-1.402753974
DJ1,R,PARK7,V,GBL1103460,DJ1-R-V,0.970060925,85,DJ1-R-V,RawLog2,1.572809146,0.927549322,-0.591349625,-1.901459033
DM-Histone-H3,R,HISTH3,V,GBL1103548,DM-Histone-H3-R-V,0.91291371,86,DM-Histone-H3-R-V,RawLog2,-0.349176798,-1.074676462,0.414392837,0.254907105
DM-K9-Histone-H3,R,H3K9ME2,C,GBL1103550,DM-K9-Histone-H3-R-C,0.957904282,87,DM-K9-Histone-H3-R-C,RawLog2,0.774155733,-0.083950504,1.380441788,1.276977268
DUSP4,R,DUSP4,V,GBL1103552,DUSP4-R-V,0.959669577,88,DUSP4-R-V,RawLog2,3.645637853,2.532096083,1.845744194,1.675451159
E-Cadherin,R,CDH1,V,GBL1103488,E-Cadherin-R-V,0.963418312,89,E-Cadherin-R-V,RawLog2,-2.385471822,-3.450542916,-3.955186346,-4.004608039
E2F1,M,E2F1,V,GBL1103712,E2F1-M-V,0.838473253,90,E2F1-M-V,RawLog2,-1.993191963,-2.768209541,-3.046357451,-3.008915935
eEF2,R,EEF2,C,GBL1103478,eEF2-R-C,0.952269025,91,eEF2-R-C,RawLog2,2.437038795,1.543895115,-0.372467029,-1.40251104
eEF2K,R,EEF2K,V,GBL1103479,eEF2K-R-V,0.967465521,92,eEF2K-R-V,RawLog2,1.39061883,0.423754421,-0.993641899,-1.712775716
EGFR,R,EGFR,V,GBL1103492,EGFR-R-V,0.944009113,93,EGFR-R-V,RawLog2,1.862925863,0.940963084,0.279899014,0.200725031
EGFR_pY1173,R,EGFR,V,GBL1103400,EGFR_pY1173-R-V,0.966026241,94,EGFR_pY1173-R-V,RawLog2,-0.070852002,-0.952051618,-1.460901407,-1.549494634
eIF4E,R,EIF4E,V,GBL1103443,eIF4E-R-V,0.962616379,95,eIF4E-R-V,RawLog2,1.31620622,0.593124018,-0.440166879,-1.646379466
eIF4E_pS209,R,EIF4E,V,GBL1103594,eIF4E_pS209-R-V,0.959154242,96,eIF4E_pS209-R-V,RawLog2,0.300899542,-0.484986434,-1.418911057,-1.742175945
eIF4G,R,EIF4G1,C,GBL1103495,eIF4G-R-C,0.974627007,97,eIF4G-R-C,RawLog2,2.396215468,1.296261653,0.043472877,-0.131224201
Elk1_pS383,R,ELK1,C,GBL1103401,Elk1_pS383-R-C,0.956911365,98,Elk1_pS383-R-C,RawLog2,0.921160412,0.089285337,-0.406823026,-0.456026873
EMA,M,MUC1,C,GBL1103667,EMA-M-C,0.899771926,99,EMA-M-C,RawLog2,-0.473144332,-1.399741282,-1.921658946,-1.958768575
ENY2,M,ENY2,C,GBL1103639,ENY2-M-C,0.915261002,100,ENY2-M-C,RawLog2,-0.738654041,-1.517564269,-2.049910044,-2.387060217
ER,R,ESR1,V,GBL1103376,ER-R-V,0.964645043,101,ER-R-V,RawLog2,-1.268313439,-2.204301193,-2.748026098,-2.76089436
ER-a_pS118,R,ESR1,V,GBL1103402,ER-a_pS118-R-V,0.96575645,102,ER-a_pS118-R-V,RawLog2,-0.014597806,-0.987770472,-1.678488263,-1.498241756
ERCC1,M,ERCC1,V,GBL1103669,ERCC1-M-V,0.936542007,103,ERCC1-M-V,RawLog2,0.123931093,-0.554568727,-1.423838243,-1.44991722
ERCC5,R,ERCC5,C,GBL1103542,ERCC5-R-C,0.970520094,104,ERCC5-R-C,RawLog2,1.509129512,0.430046206,-0.507995443,-0.670856576
Ets-1,R,ETS1,V,GBL1103611,Ets-1-R-V,0.929143544,105,Ets-1-R-V,RawLog2,0.943931059,0.108128506,-0.755046595,-0.786586135
FAK,R,PTK2,C,GBL1103403,FAK-R-C,0.964936365,106,FAK-R-C,RawLog2,1.222485787,0.078050353,-0.797701404,-1.113082785
FAK_pY397,R,PTK2,V,GBL1103524,FAK_pY397-R-V,0.964564059,107,FAK_pY397-R-V,RawLog2,-1.650021671,-2.343990804,-2.513347693,-2.659000789
FASN,R,FASN,V,GBL1103507,FASN-R-V,0.92937921,108,FASN-R-V,RawLog2,1.711509212,0.853999276,-0.693430771,-1.829956566
Fibronectin,R,FN1,V,GBL1103404,Fibronectin-R-V,0.929732247,109,Fibronectin-R-V,RawLog2,-1.46758837,-2.072199273,0.677013456,0.40218544
FoxM1,R,FOXM1,V,GBL1103494,FoxM1-R-V,0.967139841,110,FoxM1-R-V,RawLog2,1.207770853,0.088124814,-0.603320766,-0.523305895
FoxO3a,R,FOX3,C,GBL1103377,FoxO3a-R-C,0.834037945,111,FoxO3a-R-C,RawLog2,-0.942344073,-1.752111681,-2.34196467,-2.40426748
FoxO3a_pS318_S321,R,FOXO3,C,GBL1103405,FoxO3a_pS318_S321-R-C,0.967522771,112,FoxO3a_pS318_S321-R-C,RawLog2,0.584653458,-0.099483211,-0.8927387,-0.907411781
FRA-1,R,FOSL1,C,GBL1103610,FRA-1-R-C,0.956319399,113,FRA-1-R-C,RawLog2,2.385820624,1.495308682,0.916720543,0.896548386
G6PD,R,G6PD,V,GBL1103584,G6PD-R-V,0.899176524,114,G6PD-R-V,RawLog2,-2.373684197,-3.127883031,-3.999196008,-4.326772078
Gab2,R,GAB2,V,GBL1103465,Gab2-R-V,0.97318718,115,Gab2-R-V,RawLog2,0.620586709,-0.893862334,-1.674490703,-1.635208803
GAPDH,M,GAPDH,C,GBL1103618,GAPDH-M-C,0.855284525,116,GAPDH-M-C,RawLog2,4.298110025,3.241180646,-0.75912997,-1.618525205
GATA3,M,GATA3,V,GBL1103653,GATA3-M-V,0.869372244,117,GATA3-M-V,RawLog2,-1.090216329,-2.315701232,-2.951898827,-2.927456641
GCLM,R,GCLM,C,GBL1103582,GCLM-R-C,0.925386878,118,GCLM-R-C,RawLog2,-0.112613626,-1.107889579,-1.616766247,-1.632454996
GCN5L2,R,KAT2A,V,GBL1103529,GCN5L2-R-V,0.975669993,119,GCN5L2-R-V,RawLog2,1.156830388,0.398910323,-0.358815109,-0.335033831
Glutamate-D1-2,R,GLUD1,C,GBL1103565,Glutamate-D1-2-R-C,0.843419137,120,Glutamate-D1-2-R-C,RawLog2,-0.653330497,-1.380037531,-2.426603759,-2.85249856
Glutaminase,R,GLS,C,GBL1103555,Glutaminase-R-C,0.961258713,121,Glutaminase-R-C,RawLog2,0.175866847,-0.603172741,-1.710744785,-1.895484593
Granzyme-B,R,GZMB,V,GBL1103589,Granzyme-B-R-V,0.85766479,122,Granzyme-B-R-V,RawLog2,-0.73042201,-1.69716001,-3.087599641,-3.498263054
GSK-3a-b,M,GSK3A/GSK3B,V,GBL1103714,GSK-3a-b-M-V,0.930990804,123,GSK-3a-b-M-V,RawLog2,2.892125947,2.464044472,1.602924574,0.919825068
GSK-3a-b_pS21_S9,R,GSK3A GSK3B,V,GBL1103406,GSK-3a-b_pS21_S9-R-V,0.974187826,124,GSK-3a-b_pS21_S9-R-V,RawLog2,1.110968308,-0.18747117,-1.445009955,-1.652264117
Gys,R,GYS1,V,GBL1103475,Gys-R-V,0.954458733,125,Gys-R-V,RawLog2,2.091884587,1.291675954,-0.321497399,-1.110279489
Gys_pS641,R,GYS1,V,GBL1103476,Gys_pS641-R-V,0.957996503,126,Gys_pS641-R-V,RawLog2,1.341251939,0.151478584,-1.121211118,-1.554851627
H2AX_pS140,M,H2AFX,C,GBL1103645,H2AX_pS140-M-C,0.945164216,127,H2AX_pS140-M-C,RawLog2,1.464363106,0.366317224,-0.256872011,-0.345890242
HER2,M,ERBB2,V,GBL1103706,HER2-M-V,0.83424925,128,HER2-M-V,RawLog2,-0.588418129,-1.536488997,-2.294166847,-2.390771463
HER2_pY1248,R,ERBB2,C,GBL1103483,HER2_pY1248-R-C,0.951328671,129,HER2_pY1248-R-C,RawLog2,-0.873538313,-1.599116585,-1.307543891,-1.300845544
HER3,R,ERBB3,V,GBL1103608,HER3-R-V,0.958082229,130,HER3-R-V,RawLog2,-0.674760151,-1.555357691,-2.251120491,-2.247128613
HER3_pY1289,R,ERBB3,C,GBL1103445,HER3_pY1289-R-C,0.950370705,131,HER3_pY1289-R-C,RawLog2,1.554107232,0.678609716,-0.055985201,-0.139875777
Heregulin,R,NRG1,V,GBL1103459,Heregulin-R-V,0.97253876,132,Heregulin-R-V,RawLog2,1.447328589,0.560542653,0.131941481,0.105781259
HES1,R,HES1,V,GBL1103560,HES1-R-V,0.973827823,133,HES1-R-V,RawLog2,0.313174086,-0.457965085,-0.782570245,-0.460633242
Hexokinase-II,R,HK2,V,GBL1103370,Hexokinase-II-R-V,0.94935918,134,Hexokinase-II-R-V,RawLog2,-0.10703773,-0.867442214,-1.795864318,-1.866820741
Hif-1-alpha,M,HIF1A,C,GBL1103696,Hif-1-alpha-M-C,0.919381154,135,Hif-1-alpha-M-C,RawLog2,-0.01613368,-0.895489082,-1.335831798,-1.30661447
Histone-H3,R,HIST3H3,V,GBL1103527,Histone-H3-R-V,0.931053308,136,Histone-H3-R-V,RawLog2,-0.159254339,-0.306350879,2.174398152,3.135401506
HSP27,M,HSBP1,C,GBL1103619,HSP27-M-C,0.878781128,137,HSP27-M-C,RawLog2,-1.521150026,-2.263079367,-3.237964384,-2.896901745
HSP27_pS82,R,HSBP1,V,GBL1103407,HSP27_pS82-R-V,0.956548448,138,HSP27_pS82-R-V,RawLog2,-0.266481704,-1.107255695,-1.691591732,-1.310810802
HSP70,R,HSPA1A,C,GBL1103408,HSP70-R-C,0.955918354,139,HSP70-R-C,RawLog2,0.27842362,-0.384928292,-1.275001651,-1.516067779
IGF1R_pY1135_Y1136,R,IGF1R,V,GBL1103521,IGF1R_pY1135_Y1136-R-V,0.964808864,140,IGF1R_pY1135_Y1136-R-V,RawLog2,1.170703138,0.402594926,-0.075286884,-0.12451407
IGFBP2,R,IGFBP2,V,GBL1103409,IGFBP2-R-V,0.933464444,141,IGFBP2-R-V,RawLog2,-2.212125657,-2.487270769,0.655982392,0.165350961
IGFRb,R,IGF1R,C,GBL1103410,IGFRb-R-C,0.963310957,142,IGFRb-R-C,RawLog2,-0.739826599,-1.211928855,-1.370778968,-1.171317951
INPP4b,R,INPP4B,V,GBL1103482,INPP4b-R-V,0.939266155,143,INPP4b-R-V,RawLog2,-0.527265967,-1.22872881,-1.44070707,-1.406115738
IR-b,R,INSRB,C,GBL1103561,IR-b-R-C,0.973595766,144,IR-b-R-C,RawLog2,1.56245736,0.785867171,0.253320201,0.293081806
IRF-1,R,IRF1,C,GBL1103612,IRF-1-R-C,0.955612803,145,IRF-1-R-C,RawLog2,0.678881846,-0.107263779,-0.809356632,-0.594581946
IRS1,R,IRS1,V,GBL1103452,IRS1-R-V,0.967716561,146,IRS1-R-V,RawLog2,0.905458109,-0.192828146,-0.941918047,-0.892978033
Jagged1,R,JAG1,V,GBL1103553,Jagged1-R-V,0.956022254,147,Jagged1-R-V,RawLog2,0.837712431,0.06334646,-0.639018372,-0.771806739
Jak2,R,JAK2,V,GBL1103511,Jak2-R-V,0.973430112,148,Jak2-R-V,RawLog2,1.561302196,0.364670489,-0.715704003,-1.142583906
JNK2,R,MAPK9,C,GBL1103411,JNK2-R-C,0.936277956,149,JNK2-R-C,RawLog2,-1.039413489,-1.987356614,-2.954193241,-3.094270329
JNK_pT183_Y185,R,MAPK8,V,GBL1103458,JNK_pT183_Y185-R-V,0.969351611,150,JNK_pT183_Y185-R-V,RawLog2,0.576353767,-0.166305768,-0.647744463,-0.700353481
LC3A-B,R,LC3AB,C,GBL1103566,LC3A-B-R-C,0.952761988,151,LC3A-B-R-C,RawLog2,1.016543454,0.382617686,-0.242175939,-0.537336169
Lck,R,LCK,V,GBL1103412,Lck-R-V,0.926324993,152,Lck-R-V,RawLog2,-0.201482589,-1.042366769,-1.775729674,-1.854583407
LDHA,R,LDHA,C,GBL1103466,LDHA-R-C,0.907699643,153,LDHA-R-C,RawLog2,2.382342002,1.137275962,-1.19701314,-2.575398404
LRP6_pS1490,R,LRP6,V,GBL1103545,LRP6_pS1490-R-V,0.94836094,154,LRP6_pS1490-R-V,RawLog2,-0.508332652,-1.267896134,-1.405280808,-1.363879839
MAPK_pT202_Y204,R,MAPK3,V,GBL1103413,MAPK_pT202_Y204-R-V,0.944693694,155,MAPK_pT202_Y204-R-V,RawLog2,-1.349913106,-2.008295558,-2.43931881,-2.399926202
Mcl-1,R,MCL1,V,GBL1103522,Mcl-1-R-V,0.975901264,156,Mcl-1-R-V,RawLog2,1.256920716,1.027684601,0.856840443,1.042278763
MCT4,R,SLC16A4,V,GBL1103572,MCT4-R-V,0.964311324,157,MCT4-R-V,RawLog2,2.397839992,1.50799285,1.967525614,2.163679447
MDM2_pS166,R,MDM2,V,GBL1103510,MDM2_pS166-R-V,0.969982994,158,MDM2_pS166-R-V,RawLog2,1.850314317,0.564857861,-0.022455569,-0.023631534
MEK1,R,MAP2K1,V,GBL1103414,MEK1-R-V,0.932479392,159,MEK1-R-V,RawLog2,-0.688229194,-1.583946002,-1.472250897,-2.082479488
MEK1_pS217_S221,R,MAP2K1,V,GBL1103484,MEK1_pS217_S221-R-V,0.967351941,160,MEK1_pS217_S221-R-V,RawLog2,1.360520916,0.373550054,-0.188700116,-0.42232158
MERIT40_pS29,R,BABAM1,V,GBL1103596,MERIT40_pS29-R-V,0.961295169,161,MERIT40_pS29-R-V,RawLog2,-0.022116974,-0.719249918,-1.487401817,-1.636087498
Merlin,R,NF2,C,GBL1103477,Merlin-R-C,0.960039544,162,Merlin-R-C,RawLog2,0.739298874,-0.158960667,-0.681818015,-0.855916041
MIF,R,MIF,C,GBL1103613,MIF-R-C,0.924902038,163,MIF-R-C,RawLog2,0.396836238,-0.345352719,-1.535754612,-1.647197191
MIG6,M,ERRFI1,V,GBL1103632,MIG6-M-V,0.940768643,164,MIG6-M-V,RawLog2,1.902184883,0.932380464,0.05320342,-0.243550243
MMP2,R,MMP2,V,GBL1103415,MMP2-R-V,0.940820366,165,MMP2-R-V,RawLog2,-0.52594588,-1.293189628,-1.919386539,-1.973522945
Mnk1,R,MKNK1,V,GBL1103468,Mnk1-R-V,0.959055829,166,Mnk1-R-V,RawLog2,0.57392463,-0.363977614,-0.871553552,-1.335974842
MSH6,R,MSH6,C,GBL1103480,MSH6-R-C,0.970330332,167,MSH6-R-C,RawLog2,2.841677975,1.630699586,-0.653892397,-0.826963457
MSI2,R,MSI2,C,GBL1103579,MSI2-R-C,0.95186111,168,MSI2-R-C,RawLog2,-1.3155382,-2.089507528,-2.717162301,-2.821757062
mTOR,R,MTOR,V,GBL1103416,mTOR-R-V,0.968713717,169,mTOR-R-V,RawLog2,2.680537673,1.655972448,-0.68322408,-1.753439082
mTOR_pS2448,R,MTOR,C,GBL1103418,mTOR_pS2448-R-C,0.97181315,170,mTOR_pS2448-R-C,RawLog2,1.917354617,0.992608304,-0.456714582,-1.011677342
Myosin-11,R,MYH11,V,GBL1103679,Myosin-11-R-V,0.934307663,171,Myosin-11-R-V,RawLog2,-0.596911199,-1.337829856,-2.056748578,-2.168257339
Myosin-IIa_pS1943,R,MYO2A,V,GBL1103509,Myosin-IIa_pS1943-R-V,0.931651103,172,Myosin-IIa_pS1943-R-V,RawLog2,4.357772641,2.798780683,-0.993142426,-1.958108186
Myt1,R,MYT1,C,GBL1103588,Myt1-R-C,0.957707258,173,Myt1-R-C,RawLog2,0.347400882,-0.66085057,-1.370175681,-1.40230795
N-Cadherin,R,CDH2,V,GBL1103419,N-Cadherin-R-V,0.864852179,174,N-Cadherin-R-V,RawLog2,-0.904240429,-1.773047114,-2.244192051,-2.229525946
N-Ras,M,NRAS,V,GBL1103711,N-Ras-M-V,0.861093379,175,N-Ras-M-V,RawLog2,0.572459402,0.067300006,-0.389341064,-0.364259532
NAPSIN-A,R,NAPSA,C,GBL1103532,NAPSIN-A-R-C,0.920376895,176,NAPSIN-A-R-C,RawLog2,1.771626664,0.655096883,-0.716142908,-0.089792211
NDRG1_pT346,R,NDRG1,V,GBL1103497,NDRG1_pT346-R-V,0.956721069,177,NDRG1_pT346-R-V,RawLog2,0.21644307,0.529271263,-1.313742761,-2.002477118
NDUFB4,M,NDUFB4,V,GBL1103666,NDUFB4-M-V,0.881360949,178,NDUFB4-M-V,RawLog2,-2.690870609,-3.561101172,-3.893412797,-3.934344662
NF-kB-p65_pS536,R,NFKB1,C,GBL1103420,NF-kB-p65_pS536-R-C,0.964786657,179,NF-kB-p65_pS536-R-C,RawLog2,-0.915503683,-1.709396673,-2.553496619,-2.689725131
Notch1,R,NOTCH1,V,GBL1103481,Notch1-R-V,0.96989984,180,Notch1-R-V,RawLog2,1.86161188,0.832068028,0.130781092,0.094358029
Notch3,R,NOTCH3,C,GBL1103604,Notch3-R-C,0.946954854,181,Notch3-R-C,RawLog2,0.328268219,-0.377886046,-0.905972959,-0.772179435
Oct-4,R,OCT4,C,GBL1103577,Oct-4-R-C,0.939288025,182,Oct-4-R-C,RawLog2,-0.821925931,-1.669907834,-2.159561114,-2.263481288
P-Cadherin,R,CDH3,C,GBL1103426,P-Cadherin-R-C,0.943466054,183,P-Cadherin-R-C,RawLog2,-0.821271746,-1.719622258,-2.068747051,-1.818053376
p16INK4a,R,CDKN2A,V,GBL1103525,p16INK4a-R-V,0.897514377,184,p16INK4a-R-V,RawLog2,-2.152795962,-2.791463077,-3.036786953,-3.48351738
p21,R,CDKN1A,V,GBL1103603,p21-R-V,0.851860653,185,p21-R-V,RawLog2,-0.463163734,-0.933922783,-1.581038871,-1.619308989
p27-Kip-1,R,CDKN1B,V,GBL1103461,p27-Kip-1-R-V,0.948923998,186,p27-Kip-1-R-V,RawLog2,0.202796734,-0.750275033,-0.939892588,-0.949755886
p27_pT198,R,CDKN1B,V,GBL1103457,p27_pT198-R-V,0.966423536,187,p27_pT198-R-V,RawLog2,0.605863798,-0.158452727,-0.571722002,-0.242177712
p38-MAPK,R,MAPK14,V,GBL1103421,p38-MAPK-R-V,0.967271069,188,p38-MAPK-R-V,RawLog2,2.924343292,1.861939925,0.281057297,-0.828022052
p38_pT180_Y182,R,MAPK14,V,GBL1103422,p38_pT180_Y182-R-V,0.878077346,189,p38_pT180_Y182-R-V,RawLog2,-0.83446948,-1.839737133,-3.40689676,-3.553299627
p44-42-MAPK,R,MAPK3,V,GBL1103491,p44-42-MAPK-R-V,0.944276462,190,p44-42-MAPK-R-V,RawLog2,1.183600865,0.409707318,-0.30386966,-1.086073105
p53,R,TP53,C,GBL1103373,p53-R-C,0.93000125,191,p53-R-C,RawLog2,0.768411428,-0.157046021,-1.266779106,-1.661405053
p70-S6K1,R,RPS6KB1,V,GBL1103423,p70-S6K1-R-V,0.961497585,192,p70-S6K1-R-V,RawLog2,1.231466376,0.330195035,-0.974367393,-1.088583687
p70-S6K_pT389,R,RPS6KB1,V,GBL1103424,p70-S6K_pT389-R-V,0.964010679,193,p70-S6K_pT389-R-V,RawLog2,0.355392861,-0.536836726,-1.412191595,-1.489323578
p90RSK_pT573,R,RPS6K,C,GBL1103514,p90RSK_pT573-R-C,0.968371256,194,p90RSK_pT573-R-C,RawLog2,-0.593381328,-1.971687433,-1.974551463,-1.822137572
PAI-1,M,SERPINE1,V,GBL1103620,PAI-1-M-V,0.95228827,195,PAI-1-M-V,RawLog2,2.662801951,2.250527672,2.212038855,2.593234764
PAICS,R,PAICS,C,GBL1103536,PAICS-R-C,0.965606868,196,PAICS-R-C,RawLog2,2.1656204,1.36170824,0.324439978,-0.534238527
PAK1,R,PAK1,V,GBL1103590,PAK1-R-V,0.958170281,197,PAK1-R-V,RawLog2,-0.147219661,-1.395084837,-2.652218723,-3.199792196
PAK4,R,PAK4,V,GBL1103549,PAK4-R-V,0.901064952,198,PAK4-R-V,RawLog2,0.193026917,-0.832657759,-1.762731109,-1.81311264
PAR,R,PAR,C,GBL1103546,PAR-R-C,0.951785685,199,PAR-R-C,RawLog2,0.202094253,-0.412361469,2.620060434,0.301686516
PARP,R,PARP1,V,GBL1103600,PARP-R-V,0.962983865,200,PARP-R-V,RawLog2,0.887569245,-0.568487215,-0.853612332,-0.815234772
Paxillin,R,PXN,C,GBL1103425,Paxillin-R-C,0.96243545,201,Paxillin-R-C,RawLog2,0.148158596,-0.856874731,-2.003208515,-2.515498252
PCNA,M,PCNA,C,GBL1103642,PCNA-M-C,0.918360498,202,PCNA-M-C,RawLog2,-0.389434364,-1.170044911,-2.304047831,-2.437886869
PD-L1,R,CD274,C,GBL1103580,PD-L1-R-C,0.919036342,203,PD-L1-R-C,RawLog2,0.506265806,-0.292074226,-0.735164499,-0.812999615
Pdcd4,R,PDCD4,C,GBL1103454,Pdcd4-R-C,0.960171092,204,Pdcd4-R-C,RawLog2,1.329580888,0.34520899,-1.520527505,-2.048670162
PDGFR-b,R,PDGFR,V,GBL1103523,PDGFR-b-R-V,0.933834882,205,PDGFR-b-R-V,RawLog2,-0.361423681,-0.819099721,-1.418133771,-1.453556944
PDHK1,R,PDHK1,C,GBL1103700,PDHK1-R-C,0.962849425,206,PDHK1-R-C,RawLog2,0.395158359,-0.240283825,-0.78569548,-0.755712702
PDK1,R,PDK1,V,GBL1103427,PDK1-R-V,0.942874399,207,PDK1-R-V,RawLog2,0.43096656,-0.32777629,-1.288799043,-0.981901486
PDK1_pS241,R,PDK1,V,GBL1103428,PDK1_pS241-R-V,0.97467871,208,PDK1_pS241-R-V,RawLog2,1.914649979,1.067310653,-0.816156675,-1.116204145
PEA-15,R,PEA15,V,GBL1103469,PEA-15-R-V,0.964477693,209,PEA-15-R-V,RawLog2,1.634993203,0.911961464,-0.185645247,-0.983510873
PEA-15_pS116,R,PEA15,V,GBL1103470,PEA-15_pS116-R-V,0.935759355,210,PEA-15_pS116-R-V,RawLog2,-0.365029991,-1.089451248,-1.117011371,-1.411782637
PI3K-p110-a,R,PIK3C2A,C,GBL1103453,PI3K-p110-a-R-C,0.967593576,211,PI3K-p110-a-R-C,RawLog2,1.622493877,0.537817394,-0.252372571,-0.374203147
PI3K-p110-b,M,PIK3BC,C,GBL1103665,PI3K-p110-b-M-C,0.927077518,212,PI3K-p110-b-M-C,RawLog2,0.091430217,-0.737968165,-1.130667916,-1.122905129
PI3K-p85,R,PIK3R1,V,GBL1103429,PI3K-p85-R-V,0.978363768,213,PI3K-p85-R-V,RawLog2,1.515224967,0.67515754,-0.454424318,-0.834422305
PKA-a,R,PRKAR1A,V,GBL1103576,PKA-a-R-V,0.967861793,214,PKA-a-R-V,RawLog2,2.223789642,1.507054767,0.620944146,0.120194991
PKC-b-II_pS660,R,PRKCB,V,GBL1103501,PKC-b-II_pS660-R-V,0.969527265,215,PKC-b-II_pS660-R-V,RawLog2,2.129479653,0.908571475,-0.891136528,-1.173187491
PKC-delta_pS664,R,PRKCD,V,GBL1103464,PKC-delta_pS664-R-V,0.963257968,216,PKC-delta_pS664-R-V,RawLog2,1.418577293,0.745393387,0.230491101,0.095299003
PKCa,R,PRKCA,V,GBL1103508,PKCa-R-V,0.958981114,217,PKCa-R-V,RawLog2,1.952029085,1.081299485,1.261289422,1.104698723
PKM2,R,PKM,C,GBL1103472,PKM2-R-C,0.945205213,218,PKM2-R-C,RawLog2,2.451777941,1.521384154,-0.721698214,-2.12034241
PLC-gamma2_pY759,R,PLCG2,C,GBL1103473,PLC-gamma2_pY759-R-C,0.932814329,219,PLC-gamma2_pY759-R-C,RawLog2,-0.152811079,-0.89813544,-1.323601735,-1.386132532
PLK1,R,PLK1,C,GBL1103447,PLK1-R-C,0.966553744,220,PLK1-R-C,RawLog2,1.880423009,0.595346907,-0.206848002,-0.327262482
PMS2,R,PMS2,V,GBL1103526,PMS2-R-V,0.964918485,221,PMS2-R-V,RawLog2,1.518113472,0.100503601,-1.212912235,-1.484180377
Porin,M,VDAC1,V,GBL1103640,Porin-M-V,0.935747127,222,Porin-M-V,RawLog2,1.939218199,1.097490801,0.599728695,0.717464016
PR,R,PGR,V,GBL1103430,PR-R-V,0.9620459,223,PR-R-V,RawLog2,-1.730363218,-2.467716754,-2.819337568,-2.887192879
PRAS40,M,AKT1S1,C,GBL1103627,PRAS40-M-C,0.933864921,224,PRAS40-M-C,RawLog2,-0.145020574,-0.80672226,-1.412803122,-1.386665312
PRAS40_pT246,R,AKT1S1,V,GBL1103446,PRAS40_pT246-R-V,0.957313131,225,PRAS40_pT246-R-V,RawLog2,0.810698255,-0.031831318,-0.428087569,-0.384291739
PREX1,R,PREX1,V,GBL1103518,PREX1-R-V,0.959098734,226,PREX1-R-V,RawLog2,-0.454446088,-1.446570546,-1.880597234,-1.932891682
PTEN,R,PTEN,V,GBL1103432,PTEN-R-V,0.955263652,227,PTEN-R-V,RawLog2,2.341106438,1.509997156,0.308912156,0.153882457
Rab11,R,RAB11A,C,GBL1103487,Rab11-R-C,0.966555415,228,Rab11-R-C,RawLog2,0.40225349,-0.342160641,-0.8217355,-0.84552554
Rab25,R,RAB25,V,GBL1103505,Rab25-R-V,0.946713966,229,Rab25-R-V,RawLog2,-1.733626696,-2.6323791,-2.922495165,-3.114513454
Rad50,M,RAD50,V,GBL1103631,Rad50-M-V,0.937964145,230,Rad50-M-V,RawLog2,-0.353267799,-0.979865922,-1.89230367,-1.923820597
Rad51,R,RAD51,V,GBL1103718,Rad51-R-V,0.921391679,231,Rad51-R-V,RawLog2,-0.190883232,-0.776695199,-1.704197336,-1.787025186
Raptor,R,RPTOR,V,GBL1103498,Raptor-R-V,0.957214958,232,Raptor-R-V,RawLog2,1.892473027,0.883802933,0.113363178,-0.088102528
Rb,M,RB1,Q,GBL1103621,Rb-M-Q,0.92696399,233,Rb-M-Q,RawLog2,0.619049203,-0.262354098,-0.848831818,-0.865631525
RBM15,R,RBM15,V,GBL1103502,RBM15-R-V,0.968727315,234,RBM15-R-V,RawLog2,0.761181541,0.093597876,-0.884363389,-1.088312594
Rb_pS807_S811,R,RB1,V,GBL1103431,Rb_pS807_S811-R-V,0.96851696,235,Rb_pS807_S811-R-V,RawLog2,2.339256764,1.194296328,-1.257923161,-1.820947681
Rheb,M,RHEB,C,GBL1103628,Rheb-M-C,0.948860387,236,Rheb-M-C,RawLog2,2.059067816,1.127196472,-0.05049912,-0.19563768
Rictor,R,RICTOR,C,GBL1103499,Rictor-R-C,0.965241602,237,Rictor-R-C,RawLog2,2.700774839,1.587777737,0.77375055,0.940763585
Rictor_pT1135,R,RICTOR,V,GBL1103500,Rictor_pT1135-R-V,0.973899381,238,Rictor_pT1135-R-V,RawLog2,1.211356373,0.337953009,-0.088506528,0.056640844
RIP,R,RIP,C,GBL1103568,RIP-R-C,0.924043565,239,RIP-R-C,RawLog2,0.174474452,-0.93913691,-2.146294778,-2.295933185
Rock-1,R,ROCK1,C,GBL1103614,Rock-1-R-C,0.944112283,240,Rock-1-R-C,RawLog2,1.012102882,0.1209695,-0.624431412,-0.580974896
RPA32,T,RPA2,C,GBL1103705,RPA32-T-C,0.911913268,241,RPA32-T-C,RawLog2,1.165895438,0.459022333,-0.579855383,-0.787263725
RPA32_pS4_S8,R,RPA2,C,GBL1103615,RPA32_pS4_S8-R-C,0.970968227,242,RPA32_pS4_S8-R-C,RawLog2,1.247360727,0.270768732,-0.510757366,-0.588919894
RSK,R,RPS6KA1,C,GBL1103449,RSK-R-C,0.977103375,243,RSK-R-C,RawLog2,0.789913599,0.042847954,-1.262026146,-1.707346794
S6,M,RPS6,V,GBL1103647,S6-M-V,0.867879294,244,S6-M-V,RawLog2,1.805942549,1.192153895,-0.610957697,-1.286493264
S6_pS235_S236,R,RPS6,V,GBL1103374,S6_pS235_S236-R-V,0.952495659,245,S6_pS235_S236-R-V,RawLog2,5.201251779,3.439789127,0.429611376,-1.157610885
S6_pS240_S244,R,RPS6,V,GBL1103433,S6_pS240_S244-R-V,0.955581275,246,S6_pS240_S244-R-V,RawLog2,2.462516051,0.833960233,-1.548718746,-2.620811287
SCD,M,SCD,V,GBL1103707,SCD-M-V,0.902003185,247,SCD-M-V,RawLog2,-0.35652963,-1.122773879,-1.522051494,-1.490483054
SDHA,R,SDHA,V,GBL1103687,SDHA-R-V,0.933615694,248,SDHA-R-V,RawLog2,0.026199831,-0.493369521,-0.925330682,-0.720569693
SF2,M,SRSF1,V,GBL1103633,SF2-M-V,0.891558374,249,SF2-M-V,RawLog2,0.931709232,0.173630889,-0.681841113,-0.943828462
Shc_pY317,R,SHC1,V,GBL1103474,Shc_pY317-R-V,0.970197381,250,Shc_pY317-R-V,RawLog2,0.877986203,0.014711934,-0.894964324,-1.102405433
SHP-2_pY542,R,PTPN11,C,GBL1103515,SHP-2_pY542-R-C,0.972836925,251,SHP-2_pY542-R-C,RawLog2,-0.530903618,-1.27654778,-1.80690761,-1.974869541
SLC1A5,R,SLC1A5,C,GBL1103535,SLC1A5-R-C,0.954794418,252,SLC1A5-R-C,RawLog2,2.599078772,1.678989879,0.749795368,0.596918988
Slfn11,G,SLFN11,C,GBL1103704,Slfn11-G-C,0.930826328,253,Slfn11-G-C,RawLog2,1.552994042,0.966983024,0.446679385,0.560229843
Smac,M,DIABLO,Q,GBL1103622,Smac-M-Q,0.953860449,254,Smac-M-Q,RawLog2,1.509102107,0.866149219,0.444986128,0.314956331
Smad1,R,SMAD1,V,GBL1103463,Smad1-R-V,0.955111376,255,Smad1-R-V,RawLog2,-0.150684095,-0.950598094,-1.299509854,-1.311212921
Smad3,R,SMAD3,V,GBL1103451,Smad3-R-V,0.954179258,256,Smad3-R-V,RawLog2,2.090366264,0.871717398,0.526656521,0.560036498
Smad4,M,SMAD4,V,GBL1103710,Smad4-M-V,0.883092708,257,Smad4-M-V,RawLog2,0.385849997,-0.364267718,-0.467806219,-0.389363177
Snail,M,SNAI2,Q,GBL1103623,Snail-M-Q,0.939897598,258,Snail-M-Q,RawLog2,0.385724067,-0.449489127,-1.046153979,-1.02464096
SOD1,M,SOD1,V,GBL1103646,SOD1-M-V,0.891508153,259,SOD1-M-V,RawLog2,-1.396038942,-2.143301515,-2.835416988,-2.711657193
SOD2,R,SOD2,V,GBL1103686,SOD2-R-V,0.935428701,260,SOD2-R-V,RawLog2,0.000962747,-0.528579201,-1.873889968,-1.885877862
Sox2,R,SOX2,V,GBL1103578,Sox2-R-V,0.938477751,261,Sox2-R-V,RawLog2,-0.948051767,-1.706456908,-2.207422214,-2.282913186
Src,M,SRC,V,GBL1103624,Src-M-V,0.939467493,262,Src-M-V,RawLog2,0.188058499,-0.597087609,-1.053753127,-1.079739036
Src_pY416,R,SRC,V,GBL1103434,Src_pY416-R-V,0.968418322,263,Src_pY416-R-V,RawLog2,-0.64387268,-1.547939035,-2.097399575,-2.15705415
Src_pY527,R,SRC,V,GBL1103435,Src_pY527-R-V,0.966592443,264,Src_pY527-R-V,RawLog2,0.594663007,-0.045431196,-0.266633814,-0.218326869
Stat3,R,STAT3,C,GBL1103516,Stat3-R-C,0.96046552,265,Stat3-R-C,RawLog2,3.983213571,2.906064928,1.792375651,1.650026764
Stat3_pY705,R,STAT3,V,GBL1103436,Stat3_pY705-R-V,0.969511298,266,Stat3_pY705-R-V,RawLog2,-0.256758632,-0.900425993,-1.611020905,-1.640127718
Stat5a,R,STAT5A,V,GBL1103437,Stat5a-R-V,0.945932933,267,Stat5a-R-V,RawLog2,1.049257038,0.060277141,-0.690422775,-0.718076953
Stathmin-1,R,STMN1,V,GBL1103442,Stathmin-1-R-V,0.94362521,268,Stathmin-1-R-V,RawLog2,0.819933066,0.039096172,-0.486964299,-0.876853759
Syk,M,SYK,V,GBL1103693,Syk-M-V,0.911692441,269,Syk-M-V,RawLog2,-0.347512529,-0.942159537,-1.276167485,-1.245695219
Tau,M,MAPT,C,GBL1103625,Tau-M-C,0.828111056,270,Tau-M-C,RawLog2,-0.145904965,-0.775655413,-1.39765421,-1.413808311
TAZ,R,WWTR1,V,GBL1103593,TAZ-R-V,0.92791322,271,TAZ-R-V,RawLog2,2.046056885,0.933921638,0.33773877,-0.92928222
TFAM,R,TFAM,V,GBL1103538,TFAM-R-V,0.944483104,272,TFAM-R-V,RawLog2,1.499965349,0.857644541,-0.209753746,-0.262894991
TFRC,R,TFRC,V,GBL1103504,TFRC-R-V,0.962611175,273,TFRC-R-V,RawLog2,1.248455019,1.412502076,1.087837772,1.099603908
TIGAR,R,TIGAR,V,GBL1103489,TIGAR-R-V,0.965633726,274,TIGAR-R-V,RawLog2,1.994258623,1.15080764,0.797143694,0.76101221
Transglutaminase,M,TGM2,V,GBL1103654,Transglutaminase-M-V,0.833281202,275,Transglutaminase-M-V,RawLog2,0.907805603,-0.196375802,-1.733159776,-2.268023523
TRIM25,R,TRIM25,C,GBL1103583,TRIM25-R-C,0.961806941,276,TRIM25-R-C,RawLog2,3.883362561,2.8643821,0.86121867,0.214526477
TSC1,R,TSC1,C,GBL1103496,TSC1-R-C,0.971646278,277,TSC1-R-C,RawLog2,2.217840825,1.208602438,0.226009563,0.123072958
TTF1,R,TTF1,V,GBL1103486,TTF1-R-V,0.936580226,278,TTF1-R-V,RawLog2,0.153148132,-0.76113107,-1.559564758,-1.611925198
Tuberin,R,TSC2,V,GBL1103438,Tuberin-R-V,0.965002004,279,Tuberin-R-V,RawLog2,0.126964979,-0.901868409,-1.594815342,-1.888730057
Tuberin_pT1462,R,TSC2,V,GBL1103439,Tuberin_pT1462-R-V,0.947065218,280,Tuberin_pT1462-R-V,RawLog2,0.26315011,-0.542744297,-1.171369011,-1.275333297
TUFM,R,TUFM,V,GBL1103592,TUFM-R-V,0.942539803,281,TUFM-R-V,RawLog2,-0.203176458,-1.148072196,-1.941545712,-1.993402284
TWIST,M,TWIST1,C,GBL1103668,TWIST-M-C,0.823727783,282,TWIST-M-C,RawLog2,-2.141530356,-2.86725989,-3.237729628,-3.206734611
Tyro3,R,TYRO3,V,GBL1103485,Tyro3-R-V,0.948899865,283,Tyro3-R-V,RawLog2,0.06924451,-0.717584108,-1.189310557,-1.133221669
U-Histone-H2B,R,HIST1H2BB,C,GBL1103575,U-Histone-H2B-R-C,0.918824243,284,U-Histone-H2B-R-C,RawLog2,0.237329463,-0.048069241,2.96861377,1.926033142
UBAC1,R,UBAC1,V,GBL1103530,UBAC1-R-V,0.967404485,285,UBAC1-R-V,RawLog2,1.074321618,0.331671573,-0.341695753,-0.82753317
UGT1A,M,UGT1A,V,GBL1103695,UGT1A-M-V,0.915322586,286,UGT1A-M-V,RawLog2,0.964792078,0.285912913,-0.210987965,-0.145713232
ULK1_pS757,R,ULK1,C,GBL1103569,ULK1_pS757-R-C,0.970388745,287,ULK1_pS757-R-C,RawLog2,-0.66962813,-1.833695467,-2.427524578,-2.432377107
VASP,R,VASP,V,GBL1103440,VASP-R-V,0.94336038,288,VASP-R-V,RawLog2,-0.558419361,-1.402141418,-1.753905375,-1.811372212
VEGFR-2,R,KDR,V,GBL1103441,VEGFR-2-R-V,0.956178437,289,VEGFR-2-R-V,RawLog2,3.876260295,3.145154068,2.012601841,1.922684439
VHL-EPPK1,M,EPPK1,C,GBL1103652,VHL-EPPK1-M-C,0.899458221,290,VHL-EPPK1-M-C,RawLog2,-1.038368321,-2.073893184,-2.789497851,-3.764880385
Vimentin,M,VIM,C,GBL1103671,Vimentin-M-C,0.861708621,291,Vimentin-M-C,RawLog2,-1.487424733,-1.728189021,1.846095765,1.559580882
Wee1,R,WEE1,C,GBL1103587,Wee1-R-C,0.928080008,292,Wee1-R-C,RawLog2,-0.774092635,-2.039308493,-2.850721556,-2.973366984
Wee1_pS642,R,WEE1,C,GBL1103598,Wee1_pS642-R-C,0.957567118,293,Wee1_pS642-R-C,RawLog2,-0.62630793,-1.212973888,-1.657162427,-1.720728431
WIPI1,R,WIPI1,C,GBL1103701,WIPI1-R-C,0.896677825,294,WIPI1-R-C,RawLog2,0.235697098,-0.266158296,-0.730368838,-0.735436888
WIPI2,R,WIPI2,C,GBL1103571,WIPI2-R-C,0.946581237,295,WIPI2-R-C,RawLog2,-1.233617655,-1.583874273,-1.874354679,-2.097481078
XBP-1,G,XBP1,C,GBL1103703,XBP-1-G-C,0.883313555,296,XBP-1-G-C,RawLog2,1.067335006,0.283945209,-0.403260805,-0.058574603
XPA,M,XPA,V,GBL1103670,XPA-M-V,0.93436561,297,XPA-M-V,RawLog2,1.806779707,0.529559388,-0.747174879,-0.808711046
XPF,R,ERCC4,C,GBL1103597,XPF-R-C,0.963858075,298,XPF-R-C,RawLog2,0.406713798,-0.38980405,-1.099289435,-1.076304392
XRCC1,R,XRCC1,C,GBL1103462,XRCC1-R-C,0.922085809,299,XRCC1-R-C,RawLog2,-0.342233976,-1.135325486,-1.596402278,-1.656843742
YAP,R,YAP1,C,GBL1103605,YAP-R-C,0.950331972,300,YAP-R-C,RawLog2,0.287532766,-0.382465266,-1.274876545,-1.589406411
YAP_pS127,R,YAP1,V,GBL1103450,YAP_pS127-R-V,0.948217473,301,YAP_pS127-R-V,RawLog2,3.643931213,2.959154543,-0.18759317,-1.728799466
YB1_pS102,R,YBX1,V,GBL1103455,YB1_pS102-R-V,0.970802262,302,YB1_pS102-R-V,RawLog2,1.623144637,1.953254839,2.522684887,3.082044088
ZAP-70,R,ZAP70,C,GBL1103591,ZAP-70-R-C,0.848935646,303,ZAP-70-R-C,RawLog2,-0.752714316,-1.562556121,-1.977776113,-2.02631367